model,ROC_AUC,PR_AUC,BS_overall,BS_recession,BS_expansion,false_alarm
lgbm,0.9652157738095238,0.7108260780134481,0.04202248692910943,0.37209154246829357,0.009932439862799854,1.3888888888888888
ensemble,0.7971230158730158,0.5287933563400173,0.14020231537749275,0.37209154246829357,0.11765752941033153,36.80555555555556
probit,0.7077132936507937,0.6654906338115626,0.061435630599911854,0.6525558540255127,0.003965608877978435,0.0
